event_id,lat,lon,date,source
FLX_0,11.242567,105.063841,2000-07-11,GFD
FLX_1,12.4827773,106.0413554,2000-07-11,EMDAT_GEO
FLX_2,16.5912597,103.6525467,2000-07-15,EMDAT_GEO
FLX_3,10.0362046,105.7872656,2000-07-15,EMDAT_GEO
FLX_4,10.9685906,108.0032715,2000-11-18,EMDAT_GEO
FLX_5,10.3782724,99.0077685,2000-11-21,EMDAT_GEO
FLX_6,1.0498079,101.6548433,2000-11-28,EMDAT_GEO
FLX_7,-6.1754049,106.827168,2001-02-04,EMDAT_GEO
FLX_8,18.6799728,99.7332501,2001-05-04,EMDAT_GEO
FLX_9,10.0469546,98.6870133,2001-06-27,EMDAT_GEO
FLX_10,18.7882778,98.9858802,2001-08-08,EMDAT_GEO
FLX_11,11.768371,105.382431,2001-08-15,GFD
FLX_12,12.4827773,106.0413554,2001-08-15,EMDAT_GEO
FLX_13,10.0362046,105.7872656,2001-08-15,EMDAT_GEO
FLX_14,15.1879684,105.3269544,2001-08-28,EMDAT_GEO
FLX_15,18.3504832,105.7623047,2001-10-20,EMDAT_GEO
FLX_16,3.1516964,101.6942371,2001-10-28,EMDAT_GEO
FLX_17,4.8630743,102.9949297,2001-12-22,EMDAT_GEO
FLX_18,-6.1754049,106.827168,2002-01-27,EMDAT_GEO
FLX_19,15.340286,120.562734,2002-07-06,GFD
FLX_20,10.501685,105.253898,2002-07-15,GFD
FLX_21,14.669288,121.062794,2002-07-20,GFD
FLX_22,22.8168007,104.9504515,2002-07-28,EMDAT_GEO
FLX_23,14.65,121.25,2002-08-13,EMDAT_GEO
FLX_24,22.564405,104.67945,2002-08-14,GFD
FLX_25,12.4827773,106.0413554,2002-08-18,EMDAT_GEO
FLX_26,16.772387,103.52736,2002-08-18,GFD
FLX_27,10.425183,105.9271362,2002-09-15,EMDAT_GEO
FLX_28,14.974281,100.951102,2002-09-17,GFD
FLX_29,18.577824,105.175058,2002-09-20,GFD
FLX_30,18.3504832,105.7623047,2002-09-20,EMDAT_GEO
FLX_31,16.5912597,103.6525467,2002-09-28,EMDAT_GEO
FLX_32,18.7882778,98.9858802,2002-10-15,EMDAT_GEO
FLX_33,14.206227,108.878131,2002-10-26,GFD
FLX_34,0.977528,100.517101,2002-12-15,GFD
FLX_35,-2.428747,113.005128,2003-01-14,GFD
FLX_36,2.467598,102.893883,2003-01-20,GFD
FLX_37,-7.046763,107.641486,2003-01-30,GFD
FLX_38,-6.973194,107.603981,2003-02-16,GFD
FLX_39,-1.503825,103.543957,2003-05-03,GFD
FLX_40,-8.76725,125.9340661,2003-06-16,EMDAT_GEO
FLX_41,7.043913,124.376833,2003-06-25,GFD
FLX_42,16.501894,121.26678,2003-07-19,GFD
FLX_43,18.3504832,105.7623047,2003-09-10,EMDAT_GEO
FLX_44,17.372818,101.592527,2003-09-12,GFD
FLX_45,5.8098265,100.6715035,2003-10-03,EMDAT_GEO
FLX_46,8.5010944,98.5068054,2003-10-03,EMDAT_GEO
FLX_47,13.1998999,109.2390033,2003-10-15,EMDAT_GEO
FLX_48,14.44019,99.2676727,2003-10-15,EMDAT_GEO
FLX_49,14.767484,108.846404,2003-10-15,GFD
FLX_50,12.559171,99.789967,2003-10-17,GFD
FLX_51,12.8741856,108.7979302,2003-11-11,EMDAT_GEO
FLX_52,-1.041628,102.901561,2003-12-10,GFD
FLX_53,8.6772337,99.7309635,2003-12-11,EMDAT_GEO
FLX_54,8.881978,125.765745,2003-12-19,GFD
FLX_55,8.22929,125.744039,2004-02-11,GFD
FLX_56,-6.409578,108.143784,2004-02-17,GFD
FLX_57,-6.1754049,106.827168,2004-02-18,EMDAT_GEO
FLX_58,2.0228821,103.3114564,2004-03-08,EMDAT_GEO
FLX_59,-0.527894,116.827676,2004-05-07,GFD
FLX_60,7.377152,124.576171,2004-06-28,GFD
FLX_61,17.503304,121.410242,2004-06-29,GFD
FLX_62,7.021074,124.577333,2004-07-31,GFD
FLX_63,16.5912597,103.6525467,2004-08-06,EMDAT_GEO
FLX_64,15.397299,103.073488,2004-08-06,GFD
FLX_65,15.547408,120.754097,2004-08-24,GFD
FLX_66,10.0362046,105.7872656,2004-08-24,EMDAT_GEO
FLX_67,12.4827773,106.0413554,2004-08-24,EMDAT_GEO
FLX_68,10.317911,105.823877,2004-08-24,GFD
FLX_69,18.7882778,98.9858802,2004-09-15,EMDAT_GEO
FLX_70,13.431255,123.386648,2004-11-19,GFD
FLX_71,16.388864,121.706238,2004-11-23,GFD
FLX_72,15.17884,121.242952,2004-11-29,GFD
FLX_73,6.271562,101.591644,2004-12-10,GFD
FLX_74,-3.903543,104.432036,2005-01-11,GFD
FLX_75,-6.958962,107.602907,2005-02-19,GFD
FLX_76,10.409698,122.905219,2005-07-27,GFD
FLX_77,18.7882778,98.9858802,2005-08-13,EMDAT_GEO
FLX_78,19.068486,99.369102,2005-08-13,GFD
FLX_79,10.707097,105.734716,2005-09-08,GFD
FLX_80,10.425183,105.9271362,2005-09-08,EMDAT_GEO
FLX_81,12.4827773,106.0413554,2005-09-08,EMDAT_GEO
FLX_82,15.300986,120.982766,2005-09-15,GFD
FLX_83,18.760138,105.54951,2005-09-18,GFD
FLX_84,17.5157162,106.6225405,2005-10-07,EMDAT_GEO
FLX_85,17.12569,106.82035,2005-10-07,GFD
FLX_86,14.0201373,108.6354524,2005-10-20,EMDAT_GEO
FLX_87,15.648431,108.217279,2005-11-02,GFD
FLX_88,7.204666,100.124152,2005-11-23,GFD
FLX_89,10.3782724,99.0077685,2005-11-23,EMDAT_GEO
FLX_90,4.8630743,102.9949297,2005-11-23,EMDAT_GEO
FLX_91,10.9685906,108.0032715,2005-12-04,EMDAT_GEO
FLX_92,14.166667,122.75,2005-12-05,EMDAT_GEO
FLX_93,-8.02,113.34,2006-01-01,DFO
FLX_94,-6.38,108.21,2006-01-08,DFO
FLX_95,2.0228821,103.3114564,2006-01-09,EMDAT_GEO
FLX_96,-8.44,117.29,2006-01-22,DFO
FLX_97,-6.85,108.59,2006-01-26,DFO
FLX_98,17.02,121.82,2006-01-26,DFO
FLX_99,-1.82,102.23,2006-02-07,DFO
FLX_100,8.16,125.12,2006-02-10,DFO
FLX_101,4.33,102.54,2006-02-10,DFO
FLX_102,1.07,124.66,2006-02-13,DFO
FLX_103,17.04,106.93,2006-02-14,DFO
FLX_104,3.12,101.65,2006-02-26,DFO
FLX_105,7.17,125.57,2006-03-04,DFO
FLX_106,-7.84,111.86,2006-04-19,DFO
FLX_107,5.27,102.15,2006-04-20,DFO
FLX_108,18.37,94.95,2006-04-29,DFO
FLX_109,11.24,124.86,2006-05-11,DFO
FLX_110,18.18,100.15,2006-05-22,DFO
FLX_111,15.13,100.91,2006-05-31,DFO
FLX_112,-5.17,120.11,2006-06-19,DFO
FLX_113,0.55,123.01,2006-06-23,DFO
FLX_114,-3.29,115.49,2006-06-25,DFO
FLX_115,18.23,95.05,2006-07-03,DFO
FLX_116,11.43,103.53,2006-07-06,DFO
FLX_117,22.71,105.33,2006-07-09,DFO
FLX_118,24.003504,112.108469,2006-07-11,GFD
FLX_119,21.8487579,106.6140692,2006-07-18,EMDAT_GEO
FLX_120,15.862,120.74,2006-07-30,DFO
FLX_121,21.111712,110.113498,2006-08-02,DFO
FLX_122,11.062,104.675,2006-08-10,DFO
FLX_123,17.764156,106.149356,2006-08-12,DFO
FLX_124,18.764,100.017,2006-08-20,DFO
FLX_125,19.91,95.45,2006-09-15,EMDAT
FLX_126,19.812232,95.447771,2006-09-15,DFO
FLX_127,11.865259,108.108488,2006-09-17,DFO
FLX_128,16.67876,107.205929,2006-09-27,DFO
FLX_129,16.137697,103.609148,2006-10-10,DFO
FLX_130,11.8000378,106.9151381,2006-10-12,EMDAT_GEO
FLX_131,5.771772,100.513692,2006-10-20,DFO
FLX_132,7.610462,125.834295,2006-10-21,DFO
FLX_133,17.01728,121.817032,2006-10-30,DFO
FLX_134,10.329669,106.735524,2006-11-30,DFO
FLX_135,1.873783,103.222757,2006-12-19,DFO
FLX_136,4.474578,97.504751,2006-12-22,DFO
FLX_137,12.444668,124.771148,2006-12-29,DFO
FLX_138,4.967981,115.906768,2007-01-04,DFO
FLX_139,7.711826,125.216707,2007-01-10,DFO
FLX_140,2.191714,103.368347,2007-01-11,DFO
FLX_141,3.557464,125.539888,2007-01-12,DFO
FLX_142,-6.224835,106.827557,2007-01-31,DFO
FLX_143,-8.566743,120.7567,2007-03-01,DFO
FLX_144,-9.537169,124.710013,2007-03-17,DFO
FLX_145,-8.57837,117.443649,2007-04-14,DFO
FLX_146,7.444124,99.646097,2007-04-14,DFO
FLX_147,-1.92539,121.21707,2007-04-16,DFO
FLX_148,4.72513,95.737416,2007-04-17,DFO
FLX_149,-0.860079,114.779037,2007-05-01,DFO
FLX_150,11.652617,99.614283,2007-05-01,DFO
FLX_151,16.908898,96.131258,2007-05-04,DFO
FLX_152,-1.074528,119.954062,2007-05-06,DFO
FLX_153,17.211479,100.338679,2007-05-11,DFO
FLX_154,-0.1883,116.91957,2007-05-15,DFO
FLX_155,19.5317229,93.9966846,2007-06-11,EMDAT_GEO
FLX_156,-8.76725,125.9340661,2007-06-15,EMDAT_GEO
FLX_157,0.617594,123.095573,2007-06-16,DFO
FLX_158,21.240062,107.174034,2007-06-30,DFO
FLX_159,18.52419,95.317389,2007-07-06,DFO
FLX_160,-1.73966,121.487854,2007-07-17,DFO
FLX_161,2.961399,97.513896,2007-07-22,DFO
FLX_162,-3.279537,120.198324,2007-07-25,DFO
FLX_163,-0.641493,128.141163,2007-07-28,DFO
FLX_164,12.342909,108.198166,2007-08-03,DFO
FLX_165,12.8741856,108.7979302,2007-08-05,EMDAT_GEO
FLX_166,13.279945,105.882012,2007-08-10,DFO
FLX_167,26.0207656,97.4919258,2007-08-14,EMDAT_GEO
FLX_168,16.962415,95.17279,2007-08-14,DFO
FLX_169,8.936048,98.981817,2007-08-20,DFO
FLX_170,-1.076336,116.715657,2007-09-02,DFO
FLX_171,16.81984,102.480218,2007-09-05,DFO
FLX_172,17.065551,106.902927,2007-09-29,DFO
FLX_173,15.868218,107.780122,2007-10-14,DFO
FLX_174,3.517523,97.222388,2007-10-18,DFO
FLX_175,11.010928,105.514427,2007-10-20,DFO
FLX_176,9.721516,99.001663,2007-10-22,DFO
FLX_177,13.357486,123.381184,2007-10-27,DFO
FLX_178,10.766803,106.689726,2007-10-27,DFO
FLX_179,16.320817,107.359696,2007-10-28,DFO
FLX_180,17.568922,121.762961,2007-11-04,DFO
FLX_181,15.302631,108.440057,2007-11-10,DFO
FLX_182,8.796,124.833,2007-11-18,EMDAT
FLX_183,17.078169,122.010486,2007-11-25,DFO
FLX_184,3.894181,102.927912,2007-12-07,DFO
FLX_185,0.610591,123.060127,2007-12-17,DFO
FLX_186,-0.686119,100.615986,2007-12-25,DFO
FLX_187,-7.54216,111.332593,2007-12-25,DFO
FLX_188,-6.225,106.828,2008-01-02,DFO
FLX_189,-7.70779,112.908294,2008-01-30,DFO
FLX_190,-6.188742,106.845305,2008-02-01,DFO
FLX_191,-7.73908,113.997559,2008-02-08,DFO
FLX_192,-6.801843,111.06369,2008-02-11,DFO
FLX_193,11.639555,125.218352,2008-02-12,DFO
FLX_194,8.535518,125.935234,2008-02-12,GFD
FLX_195,-6.260593,107.286313,2008-02-14,DFO
FLX_196,-7.126871,112.368479,2008-03-01,DFO
FLX_197,4.575252,114.981432,2008-03-05,DFO
FLX_198,0.537682,101.781899,2008-03-10,DFO
FLX_199,4.649288,95.772795,2008-04-23,DFO
FLX_200,16.821377,95.971541,2008-05-03,DFO
FLX_201,9.876667,122.875319,2008-05-10,DFO
FLX_202,7.095196,124.997828,2008-05-10,GFD
FLX_203,12.138957,107.828058,2008-05-11,DFO
FLX_204,17.124571,120.55564,2008-05-18,DFO
FLX_205,11.634,122.269,2008-06-21,DFO
FLX_206,-1.675,116.237,2008-07-09,DFO
FLX_207,23.35,120.97,2008-07-28,DFO
FLX_208,22.05,105.21,2008-08-09,DFO
FLX_209,17.31,103.66,2008-08-11,DFO
FLX_210,22.8168007,104.9504515,2008-08-26,EMDAT_GEO
FLX_211,4.08,102.12,2008-09-05,DFO
FLX_212,0.68,122.52,2008-09-06,DFO
FLX_213,17.82,103.18,2008-09-11,DFO
FLX_214,15.026458,100.8089178,2008-09-13,EMDAT_GEO
FLX_215,21.9,104.59,2008-09-25,DFO
FLX_216,-7.3032412,110.0044145,2008-10-15,EMDAT_GEO
FLX_217,14.9,107.46,2008-10-19,DFO
FLX_218,20.74,106.32,2008-10-27,DFO
FLX_219,-7.3032412,110.0044145,2008-11-15,EMDAT_GEO
FLX_220,15.7,107.71,2008-11-17,DFO
FLX_221,17.95,121.35,2008-11-18,DFO
FLX_222,7.55,100.11,2008-11-20,DFO
FLX_223,4.94,101.82,2008-12-01,DFO
FLX_224,17.2,121.8,2008-12-01,EMDAT
FLX_225,18.89,107.06,2008-12-25,EMDAT
FLX_226,16.89,107.06,2008-12-25,DFO
FLX_227,-3.33,103.14,2008-12-26,DFO
FLX_228,8.447826,125.039978,2008-12-28,GFD
FLX_229,6.64,101.1,2008-12-29,DFO
FLX_230,8.92,125.46,2009-01-02,EMDAT_GEO
FLX_231,8.45,125.04,2009-01-03,DFO
FLX_232,7.12,124.95,2009-01-26,DFO
FLX_233,-2.63,120.26,2009-01-28,DFO
FLX_234,3.34,113.77,2009-02-02,DFO
FLX_235,9.9,122.97,2009-02-07,DFO
FLX_236,0.81,121.98,2009-02-23,DFO
FLX_237,4.27,114.67,2009-03-17,DFO
FLX_238,6.55,106.36,2009-03-26,EMDAT
FLX_239,-6.55,106.36,2009-03-27,DFO
FLX_240,-1.21,100.73,2009-03-30,DFO
FLX_241,-0.3,116.93,2009-04-17,DFO
FLX_242,18.03,121.36,2009-05-03,DFO
FLX_243,20.673965,104.302485,2009-05-10,GFD
FLX_244,20.67,104.3,2009-07-03,DFO
FLX_245,4.55,101.83,2009-07-12,DFO
FLX_246,17.12,121.35,2009-07-16,DFO
FLX_247,7.65,125.37,2009-07-25,DFO
FLX_248,17.87,121.44,2009-08-07,DFO
FLX_249,17.83,104.79,2009-08-10,DFO
FLX_250,17.23,121.37,2009-09-01,DFO
FLX_251,2.89,98.59,2009-09-15,DFO
FLX_252,15.19,108.02,2009-09-25,DFO
FLX_253,14.87,120.75,2009-09-25,DFO
FLX_254,14.9,107.98,2009-09-28,DFO
FLX_255,17.57569,121.422102,2009-10-02,GFD
FLX_256,0.0,121.422,2009-10-02,DFO
FLX_257,15.57,107.39,2009-10-23,DFO
FLX_258,14.91,107.66,2009-10-30,DFO
FLX_259,7.47,99.91,2009-11-07,DFO
FLX_260,5.74,100.96,2009-11-10,DFO
FLX_261,1.43,103.83,2009-11-19,DFO
FLX_262,4.99,102.36,2009-11-21,DFO
FLX_263,-7.6977397,112.4914199,2010-01-11,EMDAT_GEO
FLX_264,-4.44,104.78,2010-03-24,DFO
FLX_265,-2.68,113.97,2010-04-16,DFO
FLX_266,-3.88,122.0,2010-05-08,DFO
FLX_267,6.78,125.3,2010-05-29,DFO
FLX_268,22.28,94.01,2010-06-15,DFO
FLX_269,17.1,121.47,2010-07-12,DFO
FLX_270,22.11,105.95,2010-07-23,DFO
FLX_271,-2.14,114.97,2010-07-23,DFO
FLX_272,14.444999,100.350001,2010-09-20,GFD
FLX_273,-1.223516,132.810984,2010-10-02,GFD
FLX_274,15.029999,102.195001,2010-10-10,GFD
FLX_275,18.3504832,105.7623047,2010-10-14,EMDAT_GEO
FLX_276,12.52,108.9,2010-10-28,EMDAT
FLX_277,17.71,121.8,2010-11-01,EMDAT
FLX_278,-8.672,121.6,2010-11-02,EMDAT
FLX_279,15.1821,108.8,2010-11-12,EMDAT
FLX_280,8.132,125.57,2010-12-24,EMDAT
FLX_281,8.132642,125.5658,2011-01-01,GFD
FLX_282,-6.8436,108.26,2011-01-16,EMDAT
FLX_283,9.40044,125.78,2011-01-25,EMDAT
FLX_284,-4.05208,104.67,2011-01-28,EMDAT
FLX_285,7.095271,124.865345,2011-02-01,GFD
FLX_286,4.211,97.09,2011-03-10,EMDAT
FLX_287,8.104,125.091,2011-03-14,EMDAT
FLX_288,8.666488,99.277049,2011-03-23,GFD
FLX_289,-4.39,137.83,2011-04-01,EMDAT
FLX_290,8.306,125.21,2011-05-28,EMDAT
FLX_291,8.306337,125.208244,2011-06-05,GFD
FLX_292,19.3801,101.56,2011-06-23,EMDAT
FLX_293,7.398,126.05,2011-06-28,EMDAT
FLX_294,17.0382,102.822185,2011-08-05,GFD
FLX_295,12.004283,105.501152,2011-08-10,GFD
FLX_296,22.3069302,104.1829592,2011-09-14,EMDAT_GEO
FLX_297,10.0362046,105.7872656,2011-09-15,EMDAT_GEO
FLX_298,17.342998,121.54776,2011-09-28,GFD
FLX_299,24.4741444,95.4788047,2011-10-19,EMDAT_GEO
FLX_300,17.5157162,106.6225405,2011-10-21,EMDAT_GEO
FLX_301,8.085,125.93,2011-11-09,EMDAT
FLX_302,1.698541,100.378,2011-11-27,GFD
FLX_303,8.526491,124.875163,2011-12-16,GFD
FLX_304,-7.379525,110.236252,2011-12-18,GFD
FLX_305,8.772281,99.423816,2012-01-01,GFD
FLX_306,13.416667,121.95,2012-01-17,EMDAT_GEO
FLX_307,-7.482774,112.50974,2012-01-27,GFD
FLX_308,-6.318737,106.658074,2012-02-12,GFD
FLX_309,8.223924,125.264627,2012-02-20,GFD
FLX_310,-2.585677,103.415798,2012-02-20,GFD
FLX_311,13.628836,123.278367,2012-03-26,GFD
FLX_312,11.3852987,122.6377315,2012-03-27,EMDAT_GEO
FLX_313,6.873,124.78,2012-06-09,EMDAT
FLX_314,8.022778,124.998611,2012-06-12,EMDAT_GEO
FLX_315,16.5919,97.85,2012-07-15,EMDAT
FLX_316,14.6436031,120.4657622,2012-08-06,EMDAT_GEO
FLX_317,17.09,99.64,2012-08-15,EMDAT
FLX_318,17.090901,99.640458,2012-09-12,GFD
FLX_319,13.7989147,102.8862666,2012-09-17,EMDAT_GEO
FLX_320,7.987227,124.468671,2012-12-04,GFD
FLX_321,-3.867021,121.883077,2013-01-03,GFD
FLX_322,-0.86702,121.88,2013-01-03,EMDAT
FLX_323,7.256988,125.30844,2013-01-04,GFD
FLX_324,-6.179453,106.729879,2013-01-13,GFD
FLX_325,8.022778,124.998611,2013-01-15,EMDAT_GEO
FLX_326,1.0256,124.51,2013-02-15,EMDAT
FLX_327,-2.41871,104.265313,2013-02-20,GFD
FLX_328,18.3122,98.16,2013-07-25,EMDAT
FLX_329,22.3069302,104.1829592,2013-07-28,EMDAT_GEO
FLX_330,8.022778,124.998611,2013-08-01,EMDAT_GEO
FLX_331,16.3191,121.14,2013-08-13,EMDAT
FLX_332,22.7426936,106.1060926,2013-09-03,EMDAT_GEO
FLX_333,22.8168007,104.9504515,2013-09-15,EMDAT_GEO
FLX_334,12.8741856,108.7979302,2013-09-16,EMDAT_GEO
FLX_335,11.8000378,106.9151381,2013-09-24,EMDAT_GEO
FLX_336,12.658027,105.083548,2013-09-27,GFD
FLX_337,13.081862,101.693689,2013-09-30,GFD
FLX_338,11.6,124.49,2013-10-04,EMDAT_GEO
FLX_339,2.954,99.677,2013-10-07,EMDAT
FLX_340,15.58,107.7,2013-11-14,EMDAT
FLX_341,7.2182,100.39,2013-11-20,EMDAT
FLX_342,3.58444,102.36,2013-12-01,EMDAT
FLX_343,4.48013,97.29,2013-12-28,EMDAT
FLX_344,-6.6324,107.71,2014-01-08,EMDAT
FLX_345,-7.3032412,110.0044145,2014-01-19,EMDAT_GEO
FLX_346,6.771897,124.729885,2014-06-17,GFD
FLX_347,19.82582,99.738953,2014-07-11,GFD
FLX_348,12.4827773,106.0413554,2014-07-28,EMDAT_GEO
FLX_349,19.5317229,93.9966846,2014-08-15,EMDAT_GEO
FLX_350,14.3189468,100.5111681,2014-09-01,EMDAT_GEO
FLX_351,16.403907,100.456514,2014-09-01,GFD
FLX_352,14.657501,121.612204,2014-09-19,GFD
FLX_353,7.5892935,99.5032004,2014-11-07,EMDAT_GEO
FLX_354,8.024092,99.516261,2014-11-07,GFD
FLX_355,-4.8555039,105.0272986,2014-11-22,EMDAT_GEO
FLX_356,8.656083,124.903089,2014-12-10,GFD
FLX_357,8.1111653,99.1097298,2014-12-13,EMDAT_GEO
FLX_358,8.6772337,99.7309635,2014-12-15,EMDAT_GEO
FLX_359,5.4257359,117.0326392,2014-12-16,EMDAT_GEO
FLX_360,4.725076,102.163815,2014-12-20,GFD
FLX_361,2.5023855,112.9547283,2015-01-14,EMDAT_GEO
FLX_362,-7.3032412,110.0044145,2015-01-28,EMDAT_GEO
FLX_363,0.7186174,122.4555927,2015-02-05,EMDAT_GEO
FLX_364,0.686073,122.861751,2015-02-05,GFD
FLX_365,-7.3032412,110.0044145,2015-02-08,EMDAT_GEO
FLX_366,-6.55868,108.399177,2015-03-15,GFD
FLX_367,12.1091546,98.8165256,2015-06-23,EMDAT_GEO
FLX_368,15.5509,120.8,2015-07-12,EMDAT
FLX_369,20.174691,95.532558,2015-07-15,GFD
FLX_370,20.813733,106.86508,2015-07-25,GFD
FLX_371,20.566882,104.761883,2015-09-07,GFD
FLX_372,16.691018,121.241052,2015-10-22,GFD
FLX_373,12.835664,121.22868,2015-12-12,GFD
FLX_374,-2.465434,103.351503,2016-01-18,GFD
FLX_375,-2.465,103.352,2016-02-07,EMDAT
FLX_376,-1.7069965,102.7140041,2016-02-19,EMDAT_GEO
FLX_377,2.5023855,112.9547283,2016-02-19,EMDAT_GEO
FLX_378,-0.1322387,111.0968901,2016-03-07,EMDAT_GEO
FLX_379,18.315771,95.260379,2016-06-01,GFD
FLX_380,-7.476875,110.032248,2016-06-17,GFD
FLX_381,24.4741444,95.4788047,2016-07-15,EMDAT_GEO
FLX_382,5.172299,101.075102,2016-07-18,GFD
FLX_383,14.6436031,120.4657622,2016-08-08,EMDAT_GEO
FLX_384,21.6546566,103.2168632,2016-08-12,EMDAT_GEO
FLX_385,19.7589517,99.6734592,2016-08-15,EMDAT_GEO
FLX_386,26.347448,96.868707,2016-08-15,GFD
FLX_387,-7.042,108.238,2016-09-20,EMDAT
FLX_388,14.866708,100.394655,2016-10-06,GFD
FLX_389,16.004,107.68,2016-10-09,EMDAT
FLX_390,0.649,123.245,2016-10-23,EMDAT
FLX_391,12.8741856,108.7979302,2016-10-28,EMDAT_GEO
FLX_392,5.122,102.56,2016-11-28,EMDAT
FLX_393,-0.1322387,111.0968901,2016-11-28,EMDAT_GEO
FLX_394,14.444781,100.753436,2016-12-01,GFD
FLX_395,11.9537073,108.4306103,2016-12-12,EMDAT_GEO
FLX_396,4.7,102.411,2016-12-26,EMDAT
FLX_397,7.304939,100.060618,2016-12-31,GFD
FLX_398,7.305,100.061,2017-01-01,EMDAT
FLX_399,11.6,124.49,2017-01-16,EMDAT_GEO
FLX_400,3.932,102.461,2017-01-23,EMDAT
FLX_401,7.59,124.062,2017-02-01,EMDAT
FLX_402,-7.029,107.162,2017-02-21,EMDAT
FLX_403,-3.6446718,119.9471906,2017-05-12,EMDAT_GEO
FLX_404,7.76344,125.249498,2017-06-12,GFD
FLX_405,10.9685906,108.0032715,2017-06-27,EMDAT_GEO
FLX_406,24.4741444,95.4788047,2017-07-02,EMDAT_GEO
FLX_407,18.7882778,98.9858802,2017-07-05,EMDAT_GEO
FLX_408,22.7426936,106.1060926,2017-07-07,EMDAT_GEO
FLX_409,21.65766,105.157778,2017-08-02,GFD
FLX_410,21.6546566,103.2168632,2017-08-03,EMDAT_GEO
FLX_411,10.566,123.171,2017-09-22,EMDAT
FLX_412,20.5340294,105.9810248,2017-10-08,EMDAT_GEO
FLX_413,14.594,100.679,2017-10-10,EMDAT
FLX_414,-7.229,109.117,2017-11-03,EMDAT
FLX_415,5.247,101.026,2017-11-03,EMDAT
FLX_416,11.664,108.399,2017-11-19,EMDAT
FLX_417,8.6772337,99.7309635,2017-11-25,EMDAT_GEO
FLX_418,3.659,102.337,2018-01-01,EMDAT
FLX_419,-8.497488,118.568754,2018-03-05,GFD
FLX_420,-2.4974546,119.3918955,2018-03-22,EMDAT_GEO
FLX_421,24.4741444,95.4788047,2018-06-05,EMDAT_GEO
FLX_422,21.9855,93.8747,2018-06-15,GFD
FLX_423,22.2921668,103.1798662,2018-06-23,EMDAT_GEO
FLX_424,18.1914,95.4336,2018-07-15,GFD
FLX_425,21.1736,105.925,2018-07-17,GFD
FLX_426,11.9888,104.477,2018-07-17,GFD
FLX_427,13.0998526,103.1966659,2018-07-23,EMDAT_GEO
FLX_428,22.7426936,106.1060926,2018-08-28,EMDAT_GEO
FLX_429,11.491,107.137,2018-11-24,GFD
FLX_430,-7.3032412,110.0044145,2018-11-26,EMDAT_GEO
FLX_431,-7.6977397,112.4914199,2018-12-06,EMDAT_GEO
FLX_432,16.068,108.212,2018-12-08,EMDAT_GEO
FLX_433,-7.3032412,110.0044145,2019-03-06,EMDAT_GEO
FLX_434,-2.4749149,138.08485,2019-03-16,EMDAT_GEO
FLX_435,22.7426936,106.1060926,2019-05-27,EMDAT_GEO
FLX_436,-3.6446718,119.9471906,2019-06-03,EMDAT_GEO
FLX_437,8.223,123.493,2019-06-03,EMDAT
FLX_438,26.0207656,97.4919258,2019-07-14,EMDAT_GEO
FLX_439,21.8487579,106.6140692,2019-08-05,EMDAT_GEO
FLX_440,11.8000378,106.9151381,2019-08-08,EMDAT_GEO
FLX_441,18.3504832,105.7623047,2019-09-11,EMDAT_GEO
FLX_442,16.6022387,102.6352933,2019-09-11,EMDAT_GEO
FLX_443,12.4827773,106.0413554,2019-09-11,EMDAT_GEO
FLX_444,18.3504832,105.7623047,2019-10-15,EMDAT_GEO
FLX_445,4.3685491,97.0253024,2019-10-26,EMDAT_GEO
FLX_446,5.4065013,100.2559077,2019-10-26,EMDAT_GEO
FLX_447,4.415,102.584,2019-11-28,EMDAT
FLX_448,4.8630743,102.9949297,2019-12-18,EMDAT_GEO
FLX_449,-6.533,107.508,2019-12-28,EMDAT
FLX_450,-6.1754049,106.827168,2020-02-11,EMDAT_GEO
FLX_451,-0.5827529,100.6133379,2020-04-04,EMDAT_GEO
FLX_452,-1.499583,113.2903307,2020-04-20,EMDAT_GEO
FLX_453,2.5023855,112.9547283,2020-04-25,EMDAT_GEO
FLX_454,-0.1322387,111.0968901,2020-05-22,EMDAT_GEO
FLX_455,24.561,103.055,2020-06-20,EMDAT
FLX_456,2.5023855,112.9547283,2020-06-27,EMDAT_GEO
FLX_457,-0.1322387,111.0968901,2020-07-03,EMDAT_GEO
FLX_458,22.8168007,104.9504515,2020-07-18,EMDAT_GEO
FLX_459,18.7882778,98.9858802,2020-08-22,EMDAT_GEO
FLX_460,-1.499583,113.2903307,2020-10-21,EMDAT_GEO
FLX_461,10.3782724,99.0077685,2020-11-25,EMDAT_GEO
FLX_462,-7.3032412,110.0044145,2020-12-06,EMDAT_GEO
FLX_463,4.3685491,97.0253024,2020-12-12,EMDAT_GEO
FLX_464,6.3210758,101.5972971,2020-12-16,EMDAT_GEO
FLX_465,4.8630743,102.9949297,2020-12-20,EMDAT_GEO
FLX_466,6.3210758,101.5972971,2021-01-05,EMDAT_GEO
FLX_467,14.6436031,120.4657622,2021-01-08,EMDAT_GEO
FLX_468,11.6,124.49,2021-01-10,EMDAT_GEO
FLX_469,5.4257359,117.0326392,2021-01-11,EMDAT_GEO
FLX_470,-0.1322387,111.0968901,2021-01-15,EMDAT_GEO
FLX_471,-6.1754049,106.827168,2021-02-19,EMDAT_GEO
FLX_472,4.3685491,97.0253024,2021-03-25,EMDAT_GEO
FLX_473,22.8168007,104.9504515,2021-04-16,EMDAT_GEO
FLX_474,7.45,126.07,2021-04-26,EMDAT_GEO
FLX_475,2.5023855,112.9547283,2021-05-20,EMDAT_GEO
FLX_476,19.5317229,93.9966846,2021-07-21,EMDAT_GEO
FLX_477,-7.3032412,110.0044145,2021-08-19,EMDAT_GEO
FLX_478,13.1857117,101.1210777,2021-08-27,EMDAT_GEO
FLX_479,2.5023855,112.9547283,2021-09-07,EMDAT_GEO
FLX_480,-2.4749149,138.08485,2021-09-13,EMDAT_GEO
FLX_481,18.7882778,98.9858802,2021-09-19,EMDAT_GEO
FLX_482,10.9685906,108.0032715,2021-09-23,EMDAT_GEO
FLX_483,-0.1322387,111.0968901,2021-10-05,EMDAT_GEO
FLX_484,18.6799728,99.7332501,2021-10-12,EMDAT_GEO
FLX_485,11.5775368,104.2714023,2021-10-12,EMDAT_GEO
FLX_486,3.2083304,101.304146,2021-10-20,EMDAT_GEO
FLX_487,11.5730391,104.857807,2021-10-25,EMDAT_GEO
FLX_488,12.8741856,108.7979302,2021-11-27,EMDAT_GEO
FLX_489,10.3782724,99.0077685,2021-11-28,EMDAT_GEO
FLX_490,5.4257359,117.0326392,2021-12-17,EMDAT_GEO
FLX_491,-0.1322387,111.0968901,2022-02-10,EMDAT_GEO
FLX_492,4.8630743,102.9949297,2022-02-25,EMDAT_GEO
FLX_493,-7.3032412,110.0044145,2022-02-26,EMDAT_GEO
FLX_494,3.1516964,101.6942371,2022-03-06,EMDAT_GEO
FLX_495,22.7426936,106.1060926,2022-03-22,EMDAT_GEO
FLX_496,10.3782724,99.0077685,2022-04-03,EMDAT_GEO
FLX_497,18.6799728,99.7332501,2022-05-14,EMDAT_GEO
FLX_498,18.7882778,98.9858802,2022-05-20,EMDAT_GEO
FLX_499,22.7426936,106.1060926,2022-05-21,EMDAT_GEO
FLX_500,-7.3032412,110.0044145,2022-05-21,EMDAT_GEO
FLX_501,0.6301215,127.9720219,2022-07-05,EMDAT_GEO
FLX_502,13.1857117,101.1210777,2022-07-17,EMDAT_GEO
FLX_503,12.8741856,108.7979302,2022-08-14,EMDAT_GEO
FLX_504,18.7882778,98.9858802,2022-09-15,EMDAT_GEO
FLX_505,11.9537073,108.4306103,2022-10-10,EMDAT_GEO
FLX_506,-4.8555039,105.0272986,2022-11-07,EMDAT_GEO
FLX_507,5.4065013,100.2559077,2022-11-08,EMDAT_GEO
FLX_508,8.6772337,99.7309635,2022-11-08,EMDAT_GEO
FLX_509,-7.6977397,112.4914199,2022-11-25,EMDAT_GEO
FLX_510,13.1998999,109.2390033,2022-12-01,EMDAT_GEO
FLX_511,4.8630743,102.9949297,2022-12-17,EMDAT_GEO
FLX_512,8.6772337,99.7309635,2022-12-19,EMDAT_GEO
FLX_513,11.6,124.49,2022-12-25,EMDAT_GEO
FLX_514,11.6,124.49,2023-02-13,EMDAT_GEO
FLX_515,8.1111653,99.1097298,2023-07-03,EMDAT_GEO
FLX_516,6.3210758,101.5972971,2023-12-22,EMDAT_GEO
FLX_517,5.4257359,117.0326392,2023-12-22,EMDAT_GEO
FLX_518,-7.6977397,112.4914199,2025-12-21,EMDAT_GEO
